-- --------------------------------------------------------
-- Host:                         127.0.0.1
-- Server version:               10.4.25-MariaDB - mariadb.org binary distribution
-- Server OS:                    Win64
-- HeidiSQL Version:             12.1.0.6537
-- --------------------------------------------------------

/*!40101 SET @OLD_CHARACTER_SET_CLIENT=@@CHARACTER_SET_CLIENT */;
/*!40101 SET NAMES utf8 */;
/*!50503 SET NAMES utf8mb4 */;
/*!40103 SET @OLD_TIME_ZONE=@@TIME_ZONE */;
/*!40103 SET TIME_ZONE='+00:00' */;
/*!40014 SET @OLD_FOREIGN_KEY_CHECKS=@@FOREIGN_KEY_CHECKS, FOREIGN_KEY_CHECKS=0 */;
/*!40101 SET @OLD_SQL_MODE=@@SQL_MODE, SQL_MODE='NO_AUTO_VALUE_ON_ZERO' */;
/*!40111 SET @OLD_SQL_NOTES=@@SQL_NOTES, SQL_NOTES=0 */;


-- Dumping database structure for cinema_vbis
DROP DATABASE IF EXISTS `cinema_vbis`;
CREATE DATABASE IF NOT EXISTS `cinema_vbis` /*!40100 DEFAULT CHARACTER SET utf8mb4 */;
USE `cinema_vbis`;

-- Dumping structure for table cinema_vbis.actor
DROP TABLE IF EXISTS `actor`;
CREATE TABLE IF NOT EXISTS `actor` (
  `actor_id` int(10) NOT NULL AUTO_INCREMENT,
  `forename` varchar(50) NOT NULL,
  `surname` varchar(50) NOT NULL,
  `date_of_birth` date NOT NULL,
  PRIMARY KEY (`actor_id`)
) ENGINE=InnoDB AUTO_INCREMENT=48 DEFAULT CHARSET=utf8mb4;

-- Dumping data for table cinema_vbis.actor: ~42 rows (approximately)
INSERT INTO `actor` (`actor_id`, `forename`, `surname`, `date_of_birth`) VALUES
	(1, 'Robert', 'Pattinson', '1986-05-13'),
	(2, 'Zoe', 'Kravitz', '1988-12-01'),
	(3, 'Paul ', 'Dano', '1984-06-19'),
	(4, 'Jeffrey ', 'Wright ', '1965-07-14'),
	(5, 'John', 'Turturro', '1968-10-10'),
	(6, 'Michael ', 'B. Jordan ', '1987-02-09'),
	(7, ' Sylvester ', 'Stallone ', '1946-07-06'),
	(8, ' Florian ', ' Munteanu ', '1990-10-10'),
	(9, ' Tessa ', ' Thompson ', '1983-10-03'),
	(10, 'Alex', 'Wolff', '1997-11-01'),
	(11, 'Toni', 'Colette', '1972-11-01'),
	(12, 'Gabriel', 'Byrne', '1950-03-12'),
	(13, 'Milly', 'Shapiro', '2002-07-16'),
	(14, 'Tom', 'Cruise', '1962-07-03'),
	(15, 'Miles', 'Teller', '1987-02-20'),
	(16, 'Val', 'Kilmer', '1959-12-31'),
	(17, 'Jennifer', 'Connelly', '1970-12-12'),
	(18, 'Sam', 'Worthington', '1976-08-02'),
	(19, 'Zoe', 'Saldana', '1978-06-19'),
	(20, 'Kate', 'Winslet', '1975-10-05'),
	(21, 'Stephen', 'Lang', '1952-07-11'),
	(22, 'Sosie', 'Bacon', '1992-03-15'),
	(23, 'Kyle', 'Gallner', '1986-10-22'),
	(24, 'Jessie', 'T. Usher', '1992-02-29'),
	(25, 'Vera', 'Farmiga', '1973-08-06'),
	(26, 'Patrick', 'Wilson', '1973-07-03'),
	(27, 'Sterling', 'Jerins', '2004-06-15'),
	(28, 'Joseph', 'Bishara', '1970-07-26'),
	(29, 'Amie', 'Donald', '2010-01-28'),
	(30, 'Jenna', 'Davis', '2004-05-05'),
	(31, 'Allison', 'Williams', '1988-04-13'),
	(32, 'Antonio', 'Banderas', '1960-08-10'),
	(33, 'Salma', 'Hayek', '1966-09-02'),
	(34, 'Florence', 'Pugh', '1996-01-03'),
	(35, 'Margot', 'Robbie', '1990-07-02'),
	(36, 'Brad', 'Pitt', '1963-12-18'),
	(37, 'Tobey', 'Maguire', '1975-06-27'),
	(38, 'Phoebe', 'Tonkin', '1989-07-12'),
	(39, 'Jason', 'Statham', '1967-07-26'),
	(40, 'Aubrey', 'plaza', '1984-06-26'),
	(41, 'Hugh', 'Grant', '1960-09-09'),
	(42, 'Bradley', 'Cooper', '1975-01-05'),
	(43, 'Cate', 'Blanchett', '1969-05-14'),
	(44, 'Paul', 'Anderson', '1978-11-19'),
	(45, 'Jake', 'Gyllenhaal', '1980-12-19'),
	(46, '50', 'Cent', '1975-07-06'),
	(47, 'Miguel', 'Gomez', '1985-08-20');

-- Dumping structure for table cinema_vbis.actor_role
DROP TABLE IF EXISTS `actor_role`;
CREATE TABLE IF NOT EXISTS `actor_role` (
  `actor_role_id` int(10) NOT NULL AUTO_INCREMENT,
  `movie_id` int(10) NOT NULL,
  `actor_id` int(10) NOT NULL,
  `played_role` varchar(50) NOT NULL,
  PRIMARY KEY (`actor_role_id`),
  KEY `fk_actor_role_movie_id` (`movie_id`),
  KEY `fk_actor_role_actor_id` (`actor_id`),
  CONSTRAINT `fk_actor_role_actor_id` FOREIGN KEY (`actor_id`) REFERENCES `actor` (`actor_id`) ON UPDATE CASCADE,
  CONSTRAINT `fk_actor_role_movie_id` FOREIGN KEY (`movie_id`) REFERENCES `movie` (`movie_id`) ON UPDATE CASCADE
) ENGINE=InnoDB AUTO_INCREMENT=50 DEFAULT CHARSET=utf8mb4;

-- Dumping data for table cinema_vbis.actor_role: ~45 rows (approximately)
INSERT INTO `actor_role` (`actor_role_id`, `movie_id`, `actor_id`, `played_role`) VALUES
	(1, 1, 1, 'Batman'),
	(2, 1, 2, 'Catwomen'),
	(3, 1, 3, 'Riddler'),
	(4, 1, 4, 'Gordon'),
	(5, 1, 5, 'Carmine Falcone'),
	(6, 23, 6, 'Adonis Creed'),
	(7, 23, 7, ' Rocky Balboa'),
	(8, 23, 8, ' Viktor Drago'),
	(9, 23, 9, ' Bianca'),
	(10, 2, 10, 'Peter'),
	(11, 2, 11, 'Annie'),
	(12, 2, 12, 'Steve'),
	(13, 2, 13, 'Charlie'),
	(14, 3, 14, 'Pete Mitchell'),
	(15, 3, 15, 'Bradley Bradshaw'),
	(16, 3, 16, 'Tom Kazansky'),
	(17, 3, 17, 'Penny Benjamin'),
	(18, 4, 18, 'Jake Sully'),
	(19, 4, 19, 'Neytiri'),
	(20, 4, 20, 'Ronal'),
	(21, 4, 21, 'Miles Quaritch'),
	(22, 5, 22, 'Rose Cotter'),
	(23, 5, 23, 'Joel'),
	(24, 5, 24, 'Trevor'),
	(25, 6, 25, 'Lorraine Warren'),
	(26, 6, 26, 'Ed Warren'),
	(27, 6, 27, 'Judy Warren'),
	(28, 6, 28, 'Bathsheba Sherman'),
	(29, 14, 29, 'M3gan'),
	(30, 14, 30, 'M3gan'),
	(31, 14, 31, 'Gemma'),
	(32, 15, 32, 'Puss in Boots'),
	(33, 15, 33, 'Kitty Softpaws'),
	(34, 15, 34, 'Goldilocks'),
	(35, 16, 35, 'Nellie LaRoy'),
	(38, 16, 36, 'Jack Conrad'),
	(39, 16, 37, 'James McKay'),
	(40, 16, 38, 'Jane Thornton'),
	(41, 17, 39, 'Orson Fortune'),
	(42, 17, 40, 'Sarah Fidel'),
	(43, 17, 41, 'Greg Simmonds'),
	(44, 21, 42, 'Stanton Carlisle'),
	(45, 21, 43, 'Lilith Ritter'),
	(46, 21, 44, 'Geek'),
	(47, 22, 45, 'Billy Hope'),
	(48, 22, 46, 'Jordan Mains'),
	(49, 22, 47, 'Miguel Escobar');

-- Dumping structure for table cinema_vbis.auditorium
DROP TABLE IF EXISTS `auditorium`;
CREATE TABLE IF NOT EXISTS `auditorium` (
  `auditorium_id` int(11) unsigned NOT NULL AUTO_INCREMENT,
  `auditorium_name` varchar(50) NOT NULL,
  `number_of_seats` int(11) unsigned NOT NULL,
  PRIMARY KEY (`auditorium_id`) USING BTREE
) ENGINE=InnoDB AUTO_INCREMENT=7 DEFAULT CHARSET=utf8mb4;

-- Dumping data for table cinema_vbis.auditorium: ~5 rows (approximately)
INSERT INTO `auditorium` (`auditorium_id`, `auditorium_name`, `number_of_seats`) VALUES
	(1, 'Sala 1', 82),
	(2, 'Sala 2', 100),
	(3, 'Sala 3', 124),
	(4, 'Sala 4', 60),
	(5, 'Sala 5', 90),
	(6, 'Sala 6', 100);

-- Dumping structure for table cinema_vbis.category
DROP TABLE IF EXISTS `category`;
CREATE TABLE IF NOT EXISTS `category` (
  `category_id` int(11) NOT NULL AUTO_INCREMENT,
  `name` varchar(55) NOT NULL,
  `active` tinyint(1) NOT NULL,
  PRIMARY KEY (`category_id`)
) ENGINE=InnoDB AUTO_INCREMENT=11 DEFAULT CHARSET=utf8mb4;

-- Dumping data for table cinema_vbis.category: ~8 rows (approximately)
INSERT INTO `category` (`category_id`, `name`, `active`) VALUES
	(1, 'Action', 1),
	(2, 'Science Fiction', 1),
	(3, 'Thriller', 1),
	(4, 'Horror', 1),
	(5, 'Romance', 1),
	(6, 'Comedy', 1),
	(7, 'Crime', 1),
	(8, 'Adventure', 1),
	(9, 'Mystery', 1),
	(10, 'Drama', 1);

-- Dumping structure for table cinema_vbis.cinema
DROP TABLE IF EXISTS `cinema`;
CREATE TABLE IF NOT EXISTS `cinema` (
  `cinema_id` int(11) unsigned NOT NULL AUTO_INCREMENT,
  `cinema_name` varchar(100) NOT NULL,
  `cinema_location` varchar(100) NOT NULL,
  `number_of_auditoriums` int(11) unsigned NOT NULL,
  PRIMARY KEY (`cinema_id`)
) ENGINE=InnoDB AUTO_INCREMENT=5 DEFAULT CHARSET=utf8mb4;

-- Dumping data for table cinema_vbis.cinema: ~4 rows (approximately)
INSERT INTO `cinema` (`cinema_id`, `cinema_name`, `cinema_location`, `number_of_auditoriums`) VALUES
	(1, 'Cineplexx 4D Delta City', 'Jurija Gagarina 16/16A', 12),
	(2, 'Cineplexx Galerija Belgrade', 'Bulevar Vudroa Vilsona 12', 10),
	(3, 'Cineplexx Promenada', 'Bulevar Oslobođenja 119', 8),
	(4, 'Cineplexx UŠĆE Shopping Center', 'Bulevar Mihajla Pupina 4', 10);

-- Dumping structure for table cinema_vbis.director
DROP TABLE IF EXISTS `director`;
CREATE TABLE IF NOT EXISTS `director` (
  `director_id` int(11) NOT NULL AUTO_INCREMENT,
  `forename` varchar(64) NOT NULL,
  `surname` varchar(64) NOT NULL,
  `date_of_birth` date NOT NULL,
  PRIMARY KEY (`director_id`)
) ENGINE=InnoDB AUTO_INCREMENT=67 DEFAULT CHARSET=utf8mb4;

-- Dumping data for table cinema_vbis.director: ~12 rows (approximately)
INSERT INTO `director` (`director_id`, `forename`, `surname`, `date_of_birth`) VALUES
	(3, 'Matt', 'Reeves', '1966-04-27'),
	(5, 'Ari', 'Aster', '1986-07-15'),
	(6, 'Joseph', 'Kosinski', '1974-05-03'),
	(7, 'James', 'Cameron', '1954-08-16'),
	(8, 'Parker', 'Finn', '1987-03-18'),
	(9, 'Michael', 'Chaves', '1950-01-01'),
	(10, 'James', 'Wan', '1977-02-26'),
	(11, 'Gerald', 'JohnStone', '1976-03-04'),
	(12, 'Joel', 'Crawford', '1985-04-11'),
	(13, 'Damien', 'Chazelle', '1985-01-19'),
	(14, 'Guy', 'Ritchie', '1968-09-10'),
	(64, 'Guillermo', 'del-Toro', '1964-10-09'),
	(65, 'Antoine', 'Fuqua', '1966-01-16'),
	(66, 'Steven', 'Caple-Jr', '1988-02-16');

-- Dumping structure for table cinema_vbis.movie
DROP TABLE IF EXISTS `movie`;
CREATE TABLE IF NOT EXISTS `movie` (
  `movie_id` int(11) NOT NULL AUTO_INCREMENT,
  `name` varchar(55) NOT NULL,
  `image_url` longtext NOT NULL,
  `price` int(11) NOT NULL,
  `description` text NOT NULL,
  `most_popular` tinyint(1) NOT NULL,
  `inCinema_at` date NOT NULL DEFAULT current_timestamp(),
  `movie_length` int(10) unsigned NOT NULL,
  PRIMARY KEY (`movie_id`)
) ENGINE=InnoDB AUTO_INCREMENT=24 DEFAULT CHARSET=utf8mb4;

-- Dumping data for table cinema_vbis.movie: ~11 rows (approximately)
INSERT INTO `movie` (`movie_id`, `name`, `image_url`, `price`, `description`, `most_popular`, `inCinema_at`, `movie_length`) VALUES
	(1, 'Batman', 'https://wallpapercave.com/wp/wp9429759.jpg', 620, 'Batman ventures into Gotham City underworld when a sadistic killer leaves behind a trail of cryptic clues. As the evidence begins to lead closer to home and the scale of the perpetrators plans become clear, he must forge new relationships, unmask the culprit and bring justice to the abuse of power and corruption that has long plagued the metropolis.', 0, '2023-02-06', 176),
	(2, 'Hereditary', 'https://images2.alphacoders.com/927/927005.jpg', 540, 'When the matriarch of the Graham family passes away, her daughter and grandchildren begin to unravel cryptic and increasingly terrifying secrets about their ancestry, trying to outrun the sinister fate they have inherited.', 0, '2023-02-06', 127),
	(3, 'Top Gun Maverick', 'https://images.hdqwalls.com/wallpapers/2022-top-gun-maverick-zz.jpg', 440, 'After more than 30 years of service as one of the Navy\'s top aviators, Pete "Maverick" Mitchell is where he belongs, pushing the envelope as a courageous test pilot and dodging the advancement in rank that would ground him. Training a detachment of graduates for a special assignment, Maverick must confront the ghosts of his past and his deepest fears, culminating in a mission that demands the ultimate sacrifice from those who choose to fly it.', 0, '2023-02-06', 131),
	(4, 'Avatar: The Way of Water', 'https://images5.alphacoders.com/129/1292802.jpg', 580, 'Jake Sully and Ney\'tiri have formed a family and are doing everything to stay together. However, they must leave their home and explore the regions of Pandora. When an ancient threat resurfaces, Jake must fight a difficult war against the humans.', 1, '2023-02-06', 192),
	(5, 'Smile', 'https://wallpapercave.com/wp/wp11514004.jpg', 420, 'After witnessing a bizarre, traumatic incident involving a patient, Dr. Rose Cotter starts experiencing frightening occurrences that she cant explain. As an overwhelming terror begins taking over her life, Rose must confront her troubling past in order to survive and escape her horrifying new reality.', 1, '2023-02-06', 115),
	(6, 'The Conjuring', 'https://images2.alphacoders.com/650/650627.jpg', 360, 'In 1970, paranormal investigators and demonologists Lorraine (Vera Farmiga) and Ed (Patrick Wilson) Warren are summoned to the home of Carolyn (Lili Taylor) and Roger (Ron Livingston) Perron. The Perrons and their five daughters have recently moved into a secluded farmhouse, where a supernatural presence has made itself known. Though the manifestations are relatively benign at first, events soon escalate in horrifying fashion, especially after the Warrens discover the house\'s macabre history.', 0, '2023-02-06', 112),
	(14, 'M3gan', 'https://i.cbc.ca/1.6705330.1672965706!/fileImage/httpImage/image.jpg_gen/derivatives/16x9_780/m3gan.jpg', 600, 'M3GAN is a marvel of artificial intelligence, a lifelike doll that\'s programmed to be a child\'s greatest companion and a parent\'s greatest ally. Designed by Gemma, a brilliant roboticist, M3GAN can listen, watch and learn as it plays the role of friend and teacher, playmate and protector. When Gemma becomes the unexpected caretaker of her 8-year-old niece, she decides to give the girl an M3GAN prototype, a decision that leads to unimaginable consequences.', 1, '2023-02-06', 102),
	(15, 'Puss in Boots: The Last Wish', 'https://www.hollywoodreporter.com/wp-content/uploads/2022/11/Puss-in-Boots-The-Last-Wish-Everett-H-2022.jpg?w=1296', 520, 'Puss in Boots discovers that his passion for adventure has taken its toll when he learns that he has burnt through eight of his nine lives. Puss sets out on an epic journey to find the mythical Last Wish and restore his nine lives.', 0, '2023-02-06', 97),
	(16, 'Babylon', 'https://soperth.com.au/wp-content/uploads/2023/01/Babylon-Movie-Review.jpg', 580, 'Decadence, depravity and outrageous excess lead to the rise and fall of several ambitious dreamers in 1920s Hollywood as the industry begins to transition from silent pictures to the world of sound films.', 0, '2023-02-06', 189),
	(17, 'Operation fortune', 'https://images.indianexpress.com/2022/12/Operation-Fortune.jpg', 600, 'Elite spy Orson Fortune must track down and stop the sale of a deadly new weapons technology wielded by billionaire arms broker Greg Simmonds. Reluctantly teamed up with some of the world\'s best operatives, Fortune and his crew recruit Hollywood\'s biggest movie star, Danny Francesco, to help them on their globe-trotting mission to save the world.', 0, '2023-02-07', 114),
	(21, 'Nightmare Alley', 'https://images6.alphacoders.com/128/1280034.jpg', 540, 'In 1940s New York, down-on-his-luck Stanton Carlisle endears himself to a clairvoyant and her mentalist husband at a traveling carnival. Using newly acquired knowledge, Carlisle crafts a golden ticket to success by swindling the elite and wealthy. Hoping for a big score, he soon hatches a scheme to con a dangerous tycoon with help from a mysterious psychologist who might be his most formidable opponent yet.', 0, '2023-02-08', 139),
	(22, 'Southpaw', 'https://images7.alphacoders.com/700/700190.jpg', 480, 'Billy Hope, the reigning junior middleweight boxing champion, has an impressive career, a loving wife and daughter, and a lavish lifestyle. However, when tragedy strikes, Billy hits rock bottom, losing his family, his house and his manager. He soon finds an unlikely savior in Tick Willis, a former fighter who trains the city\'s toughest amateur boxers. With his future on the line, Hope fights to reclaim the trust of those he loves the most.', 0, '2023-02-09', 124),
	(23, 'Creed 2', 'https://images4.alphacoders.com/929/thumb-1920-929400.jpg', 520, 'In 1985, Russian boxer Ivan Drago killed former U.S. champion Apollo Creed in a tragic match that stunned the world. Against the wishes of trainer Rocky Balboa, Apollo son Adonis Johnson accepts a challenge from Dragos son -- another dangerous fighter. Under guidance from Rocky, Adonis trains for the showdown of his life -- a date with destiny that soon becomes his obsession. Now, Johnson and Balboa must confront their shared legacy as the past comes back to haunt each man.', 0, '2023-02-09', 130);

-- Dumping structure for table cinema_vbis.movie_category
DROP TABLE IF EXISTS `movie_category`;
CREATE TABLE IF NOT EXISTS `movie_category` (
  `movie_category_id` int(11) NOT NULL AUTO_INCREMENT,
  `movie_id` int(11) NOT NULL,
  `category_id` int(11) NOT NULL,
  PRIMARY KEY (`movie_category_id`),
  KEY `fk_movie_category_movie_id` (`movie_id`),
  KEY `fk_movie_category_category_id` (`category_id`),
  CONSTRAINT `fk_movie_category_category_id` FOREIGN KEY (`category_id`) REFERENCES `category` (`category_id`) ON UPDATE CASCADE,
  CONSTRAINT `fk_movie_category_movie_id` FOREIGN KEY (`movie_id`) REFERENCES `movie` (`movie_id`) ON UPDATE CASCADE
) ENGINE=InnoDB AUTO_INCREMENT=53 DEFAULT CHARSET=utf8mb4;

-- Dumping data for table cinema_vbis.movie_category: ~32 rows (approximately)
INSERT INTO `movie_category` (`movie_category_id`, `movie_id`, `category_id`) VALUES
	(6, 14, 2),
	(7, 14, 3),
	(8, 14, 4),
	(9, 14, 9),
	(12, 2, 4),
	(13, 2, 3),
	(14, 4, 8),
	(15, 4, 1),
	(16, 4, 2),
	(17, 3, 1),
	(18, 3, 10),
	(21, 6, 4),
	(22, 6, 3),
	(26, 15, 1),
	(27, 15, 5),
	(28, 15, 8),
	(29, 16, 5),
	(30, 16, 6),
	(31, 16, 10),
	(32, 17, 1),
	(39, 21, 1),
	(40, 21, 7),
	(41, 21, 10),
	(42, 22, 1),
	(43, 22, 3),
	(44, 22, 10),
	(45, 23, 1),
	(46, 23, 10),
	(48, 5, 3),
	(49, 5, 4),
	(50, 1, 1),
	(51, 1, 7),
	(52, 1, 9);

-- Dumping structure for table cinema_vbis.movie_director
DROP TABLE IF EXISTS `movie_director`;
CREATE TABLE IF NOT EXISTS `movie_director` (
  `movie_director_id` int(11) NOT NULL AUTO_INCREMENT,
  `movie_id` int(11) NOT NULL,
  `director_id` int(11) NOT NULL,
  PRIMARY KEY (`movie_director_id`),
  KEY `fk_movie_director_movie_id` (`movie_id`),
  KEY `fk_movie_director_director_id` (`director_id`),
  CONSTRAINT `fk_movie_director_director_id` FOREIGN KEY (`director_id`) REFERENCES `director` (`director_id`) ON UPDATE CASCADE,
  CONSTRAINT `fk_movie_director_movie_id` FOREIGN KEY (`movie_id`) REFERENCES `movie` (`movie_id`) ON UPDATE CASCADE
) ENGINE=InnoDB AUTO_INCREMENT=17 DEFAULT CHARSET=utf8mb4;

-- Dumping data for table cinema_vbis.movie_director: ~12 rows (approximately)
INSERT INTO `movie_director` (`movie_director_id`, `movie_id`, `director_id`) VALUES
	(2, 2, 5),
	(3, 3, 6),
	(4, 4, 7),
	(5, 5, 8),
	(6, 6, 9),
	(7, 6, 10),
	(8, 1, 3),
	(9, 14, 11),
	(10, 15, 12),
	(11, 16, 13),
	(12, 17, 14),
	(14, 21, 64),
	(15, 22, 65),
	(16, 23, 66);

-- Dumping structure for table cinema_vbis.reservation
DROP TABLE IF EXISTS `reservation`;
CREATE TABLE IF NOT EXISTS `reservation` (
  `reservation_id` int(10) unsigned NOT NULL AUTO_INCREMENT,
  `screening_id` int(10) unsigned NOT NULL,
  `employee_reserved` varchar(50) DEFAULT NULL,
  `user_id` int(10) DEFAULT NULL,
  `total_price` int(10) unsigned NOT NULL,
  `reservation_type_id` int(10) unsigned NOT NULL,
  `reserved` enum('true','false') NOT NULL,
  `employee_paid` varchar(50) DEFAULT NULL,
  `paid` enum('true','false') NOT NULL,
  `active` enum('true','false') NOT NULL,
  `created_at` timestamp NOT NULL DEFAULT current_timestamp(),
  PRIMARY KEY (`reservation_id`),
  KEY `fk_reservation_reservation_type_id` (`reservation_type_id`),
  KEY `fk_reservation_screening_id` (`screening_id`),
  KEY `fk_reservation_user_id` (`user_id`),
  CONSTRAINT `fk_reservation_reservation_type_id` FOREIGN KEY (`reservation_type_id`) REFERENCES `reservation_type` (`reservation_type_id`) ON UPDATE CASCADE,
  CONSTRAINT `fk_reservation_screening_id` FOREIGN KEY (`screening_id`) REFERENCES `screening` (`screening_id`) ON UPDATE CASCADE,
  CONSTRAINT `fk_reservation_user_id` FOREIGN KEY (`user_id`) REFERENCES `user` (`user_id`) ON UPDATE CASCADE
) ENGINE=InnoDB AUTO_INCREMENT=16 DEFAULT CHARSET=utf8mb4;

-- Dumping data for table cinema_vbis.reservation: ~5 rows (approximately)
INSERT INTO `reservation` (`reservation_id`, `screening_id`, `employee_reserved`, `user_id`, `total_price`, `reservation_type_id`, `reserved`, `employee_paid`, `paid`, `active`, `created_at`) VALUES
	(6, 1, NULL, 1, 1860, 1, 'true', NULL, '', 'true', '2023-03-06 13:47:08'),
	(7, 7, NULL, 1, 1160, 1, 'true', NULL, '', 'true', '2023-03-06 13:47:08'),
	(11, 22, NULL, 8, 1440, 1, 'true', NULL, 'true', '', '2023-03-06 13:49:10'),
	(13, 23, 'test test', 10, 620, 2, 'true', 'test test', '', '', '2023-03-08 16:02:33'),
	(15, 24, 'test test', 4, 2600, 2, 'true', 'test test', 'true', '', '2023-03-08 16:19:38');

-- Dumping structure for table cinema_vbis.reservation_type
DROP TABLE IF EXISTS `reservation_type`;
CREATE TABLE IF NOT EXISTS `reservation_type` (
  `reservation_type_id` int(10) unsigned NOT NULL AUTO_INCREMENT,
  `type_name` varchar(32) NOT NULL,
  PRIMARY KEY (`reservation_type_id`)
) ENGINE=InnoDB AUTO_INCREMENT=3 DEFAULT CHARSET=utf8mb4;

-- Dumping data for table cinema_vbis.reservation_type: ~2 rows (approximately)
INSERT INTO `reservation_type` (`reservation_type_id`, `type_name`) VALUES
	(1, 'online'),
	(2, 'in_person');

-- Dumping structure for table cinema_vbis.role
DROP TABLE IF EXISTS `role`;
CREATE TABLE IF NOT EXISTS `role` (
  `role_id` int(11) NOT NULL AUTO_INCREMENT,
  `name` varchar(64) NOT NULL,
  `active` tinyint(1) NOT NULL,
  PRIMARY KEY (`role_id`)
) ENGINE=InnoDB AUTO_INCREMENT=6 DEFAULT CHARSET=utf8mb4;

-- Dumping data for table cinema_vbis.role: ~5 rows (approximately)
INSERT INTO `role` (`role_id`, `name`, `active`) VALUES
	(1, 'Customer', 1),
	(2, 'Employee', 1),
	(3, 'Manager', 1),
	(4, 'Admin', 1),
	(5, 'SuperAdmin', 1);

-- Dumping structure for table cinema_vbis.screening
DROP TABLE IF EXISTS `screening`;
CREATE TABLE IF NOT EXISTS `screening` (
  `screening_id` int(10) unsigned NOT NULL AUTO_INCREMENT,
  `movie_id` int(10) NOT NULL,
  `auditorium_id` int(10) unsigned NOT NULL,
  `screening_start` time NOT NULL,
  PRIMARY KEY (`screening_id`),
  KEY `fk_screening_movie_id` (`movie_id`),
  KEY `fk_screening_auditorium_id` (`auditorium_id`),
  CONSTRAINT `fk_screening_auditorium_id` FOREIGN KEY (`auditorium_id`) REFERENCES `auditorium` (`auditorium_id`) ON UPDATE CASCADE,
  CONSTRAINT `fk_screening_movie_id` FOREIGN KEY (`movie_id`) REFERENCES `movie` (`movie_id`) ON UPDATE CASCADE
) ENGINE=InnoDB AUTO_INCREMENT=28 DEFAULT CHARSET=utf8mb4;

-- Dumping data for table cinema_vbis.screening: ~23 rows (approximately)
INSERT INTO `screening` (`screening_id`, `movie_id`, `auditorium_id`, `screening_start`) VALUES
	(1, 1, 1, '12:45:00'),
	(2, 1, 2, '16:00:00'),
	(3, 2, 1, '20:00:00'),
	(4, 2, 3, '23:15:00'),
	(5, 3, 2, '11:00:00'),
	(6, 3, 1, '15:30:00'),
	(7, 4, 1, '15:35:00'),
	(8, 4, 2, '13:15:00'),
	(9, 5, 1, '17:20:00'),
	(10, 5, 2, '18:00:00'),
	(11, 6, 1, '22:00:00'),
	(13, 6, 2, '20:15:00'),
	(14, 14, 2, '22:00:00'),
	(15, 14, 3, '21:00:00'),
	(16, 15, 4, '12:00:00'),
	(17, 15, 3, '14:15:00'),
	(18, 16, 3, '16:30:00'),
	(19, 16, 4, '20:00:00'),
	(20, 17, 4, '14:30:00'),
	(21, 17, 5, '17:00:00'),
	(22, 22, 5, '19:45:00'),
	(23, 22, 4, '17:00:00'),
	(24, 23, 5, '21:15:00'),
	(25, 23, 5, '14:45:00'),
	(26, 21, 6, '17:00:00'),
	(27, 21, 5, '23:20:00');

-- Dumping structure for table cinema_vbis.screening_days
DROP TABLE IF EXISTS `screening_days`;
CREATE TABLE IF NOT EXISTS `screening_days` (
  `screening_days_id` int(10) unsigned NOT NULL AUTO_INCREMENT,
  `day` varchar(16) NOT NULL,
  PRIMARY KEY (`screening_days_id`)
) ENGINE=InnoDB AUTO_INCREMENT=8 DEFAULT CHARSET=utf8mb4;

-- Dumping data for table cinema_vbis.screening_days: ~6 rows (approximately)
INSERT INTO `screening_days` (`screening_days_id`, `day`) VALUES
	(1, 'Monday'),
	(2, 'Tuesday'),
	(3, 'Wednesday'),
	(4, 'Thursday'),
	(5, 'Friday'),
	(6, 'Saturday'),
	(7, 'Sunday');

-- Dumping structure for table cinema_vbis.screening_days_screening
DROP TABLE IF EXISTS `screening_days_screening`;
CREATE TABLE IF NOT EXISTS `screening_days_screening` (
  `screening_days_screening_id` int(10) unsigned NOT NULL AUTO_INCREMENT,
  `screening_id` int(10) unsigned NOT NULL,
  `screening_days_id` int(10) unsigned NOT NULL,
  PRIMARY KEY (`screening_days_screening_id`),
  KEY `fk_screening_days_screening_screening_id` (`screening_id`),
  KEY `fk_screening_days_screening_screening_days_id` (`screening_days_id`),
  CONSTRAINT `fk_screening_days_screening_screening_days_id` FOREIGN KEY (`screening_days_id`) REFERENCES `screening_days` (`screening_days_id`) ON UPDATE CASCADE,
  CONSTRAINT `fk_screening_days_screening_screening_id` FOREIGN KEY (`screening_id`) REFERENCES `screening` (`screening_id`) ON UPDATE CASCADE
) ENGINE=InnoDB AUTO_INCREMENT=2 DEFAULT CHARSET=utf8mb4;

-- Dumping data for table cinema_vbis.screening_days_screening: ~0 rows (approximately)
INSERT INTO `screening_days_screening` (`screening_days_screening_id`, `screening_id`, `screening_days_id`) VALUES
	(1, 1, 1);

-- Dumping structure for table cinema_vbis.seat
DROP TABLE IF EXISTS `seat`;
CREATE TABLE IF NOT EXISTS `seat` (
  `seat_id` int(10) unsigned NOT NULL AUTO_INCREMENT,
  `row` int(10) unsigned NOT NULL,
  `number` int(10) unsigned NOT NULL,
  `auditorium_id` int(10) unsigned NOT NULL,
  PRIMARY KEY (`seat_id`),
  KEY `fk_seat_auditorium_id` (`auditorium_id`),
  CONSTRAINT `fk_seat_auditorium_id` FOREIGN KEY (`auditorium_id`) REFERENCES `auditorium` (`auditorium_id`) ON UPDATE CASCADE
) ENGINE=InnoDB AUTO_INCREMENT=558 DEFAULT CHARSET=utf8mb4;

-- Dumping data for table cinema_vbis.seat: ~503 rows (approximately)
INSERT INTO `seat` (`seat_id`, `row`, `number`, `auditorium_id`) VALUES
	(1, 1, 1, 1),
	(2, 1, 2, 1),
	(3, 1, 3, 1),
	(4, 1, 4, 1),
	(5, 1, 5, 1),
	(6, 1, 6, 1),
	(7, 1, 7, 1),
	(8, 1, 8, 1),
	(9, 1, 9, 1),
	(10, 1, 10, 1),
	(11, 1, 11, 1),
	(12, 1, 12, 1),
	(13, 1, 13, 1),
	(14, 1, 14, 1),
	(15, 1, 15, 1),
	(16, 2, 16, 1),
	(17, 2, 17, 1),
	(18, 2, 18, 1),
	(19, 2, 19, 1),
	(20, 2, 20, 1),
	(21, 2, 21, 1),
	(22, 2, 22, 1),
	(23, 2, 23, 1),
	(24, 2, 24, 1),
	(25, 2, 25, 1),
	(26, 2, 26, 1),
	(27, 2, 27, 1),
	(28, 2, 28, 1),
	(29, 2, 29, 1),
	(30, 2, 30, 1),
	(31, 2, 31, 1),
	(32, 2, 32, 1),
	(33, 2, 33, 1),
	(34, 2, 34, 1),
	(35, 3, 35, 1),
	(36, 3, 36, 1),
	(37, 3, 37, 1),
	(38, 3, 38, 1),
	(39, 3, 39, 1),
	(40, 3, 40, 1),
	(41, 3, 41, 1),
	(42, 3, 42, 1),
	(43, 3, 43, 1),
	(44, 3, 44, 1),
	(45, 3, 45, 1),
	(46, 3, 46, 1),
	(47, 3, 47, 1),
	(48, 3, 48, 1),
	(49, 3, 49, 1),
	(50, 4, 50, 1),
	(51, 4, 51, 1),
	(52, 4, 52, 1),
	(53, 4, 53, 1),
	(54, 4, 54, 1),
	(55, 4, 55, 1),
	(56, 4, 56, 1),
	(57, 4, 57, 1),
	(58, 4, 58, 1),
	(59, 4, 59, 1),
	(60, 4, 60, 1),
	(61, 4, 61, 1),
	(62, 4, 62, 1),
	(63, 4, 63, 1),
	(64, 4, 64, 1),
	(65, 4, 65, 1),
	(66, 4, 66, 1),
	(67, 4, 67, 1),
	(68, 5, 68, 1),
	(69, 5, 69, 1),
	(70, 5, 70, 1),
	(71, 5, 71, 1),
	(72, 5, 72, 1),
	(73, 5, 73, 1),
	(74, 5, 74, 1),
	(75, 5, 75, 1),
	(76, 5, 76, 1),
	(77, 5, 77, 1),
	(78, 5, 78, 1),
	(79, 5, 79, 1),
	(80, 5, 80, 1),
	(81, 5, 81, 1),
	(82, 5, 82, 1),
	(83, 1, 1, 2),
	(84, 1, 2, 2),
	(85, 1, 3, 2),
	(86, 1, 4, 2),
	(87, 1, 5, 2),
	(88, 1, 6, 2),
	(89, 1, 7, 2),
	(90, 1, 8, 2),
	(91, 1, 9, 2),
	(92, 1, 10, 2),
	(93, 1, 11, 2),
	(94, 1, 12, 2),
	(95, 1, 13, 2),
	(96, 1, 14, 2),
	(97, 1, 15, 2),
	(98, 2, 16, 2),
	(99, 2, 17, 2),
	(100, 2, 18, 2),
	(101, 2, 19, 2),
	(102, 2, 20, 2),
	(103, 2, 21, 2),
	(104, 2, 22, 2),
	(105, 2, 23, 2),
	(106, 2, 24, 2),
	(107, 2, 25, 2),
	(108, 2, 26, 2),
	(109, 2, 27, 2),
	(110, 2, 28, 2),
	(111, 2, 29, 2),
	(112, 2, 30, 2),
	(113, 2, 31, 2),
	(114, 2, 32, 2),
	(115, 2, 33, 2),
	(116, 3, 34, 2),
	(117, 3, 35, 2),
	(118, 3, 36, 2),
	(119, 3, 37, 2),
	(120, 3, 38, 2),
	(121, 3, 39, 2),
	(122, 3, 40, 2),
	(123, 3, 41, 2),
	(124, 3, 42, 2),
	(125, 3, 43, 2),
	(126, 3, 44, 2),
	(127, 3, 45, 2),
	(128, 3, 46, 2),
	(129, 3, 47, 2),
	(130, 3, 48, 2),
	(131, 4, 48, 2),
	(132, 4, 49, 2),
	(133, 4, 50, 2),
	(134, 4, 51, 2),
	(135, 4, 52, 2),
	(136, 4, 53, 2),
	(137, 4, 54, 2),
	(138, 4, 55, 2),
	(139, 4, 56, 2),
	(140, 4, 57, 2),
	(141, 4, 58, 2),
	(142, 4, 59, 2),
	(143, 4, 60, 2),
	(144, 4, 61, 2),
	(145, 4, 62, 2),
	(146, 4, 63, 2),
	(147, 4, 64, 2),
	(148, 4, 65, 2),
	(149, 5, 66, 2),
	(150, 5, 67, 2),
	(151, 5, 68, 2),
	(152, 5, 69, 2),
	(153, 5, 70, 2),
	(154, 5, 71, 2),
	(155, 5, 72, 2),
	(156, 5, 73, 2),
	(157, 5, 74, 2),
	(158, 5, 75, 2),
	(159, 5, 76, 2),
	(160, 5, 77, 2),
	(161, 5, 78, 2),
	(162, 5, 79, 2),
	(163, 5, 80, 2),
	(164, 6, 81, 2),
	(165, 6, 82, 2),
	(166, 6, 83, 2),
	(167, 6, 84, 2),
	(168, 6, 85, 2),
	(169, 6, 86, 2),
	(170, 6, 87, 2),
	(171, 6, 88, 2),
	(172, 6, 89, 2),
	(173, 6, 90, 2),
	(174, 7, 91, 2),
	(175, 7, 92, 2),
	(176, 7, 93, 2),
	(177, 7, 94, 2),
	(178, 7, 95, 2),
	(179, 7, 96, 2),
	(180, 7, 97, 2),
	(181, 7, 98, 2),
	(182, 7, 99, 2),
	(183, 7, 100, 2),
	(184, 1, 1, 3),
	(185, 1, 2, 3),
	(186, 1, 3, 3),
	(187, 1, 4, 3),
	(188, 1, 5, 3),
	(189, 1, 6, 3),
	(190, 1, 7, 3),
	(191, 1, 8, 3),
	(192, 1, 9, 3),
	(193, 1, 10, 3),
	(194, 1, 11, 3),
	(195, 1, 12, 3),
	(196, 1, 13, 3),
	(197, 1, 14, 3),
	(198, 1, 15, 3),
	(199, 1, 16, 3),
	(200, 1, 17, 3),
	(201, 1, 18, 3),
	(202, 2, 19, 3),
	(203, 2, 20, 3),
	(204, 2, 21, 3),
	(205, 2, 22, 3),
	(206, 2, 23, 3),
	(207, 2, 24, 3),
	(208, 2, 25, 3),
	(209, 2, 26, 3),
	(210, 2, 27, 3),
	(211, 2, 28, 3),
	(212, 2, 29, 3),
	(213, 2, 30, 3),
	(214, 2, 31, 3),
	(215, 2, 32, 3),
	(216, 2, 33, 3),
	(217, 2, 34, 3),
	(218, 2, 35, 3),
	(219, 2, 36, 3),
	(220, 3, 37, 3),
	(221, 3, 38, 3),
	(222, 3, 39, 3),
	(223, 3, 40, 3),
	(224, 3, 41, 3),
	(225, 3, 42, 3),
	(226, 3, 43, 3),
	(227, 3, 44, 3),
	(228, 3, 45, 3),
	(229, 3, 46, 3),
	(230, 3, 47, 3),
	(231, 3, 48, 3),
	(232, 3, 49, 3),
	(233, 3, 50, 3),
	(234, 3, 51, 3),
	(235, 3, 52, 3),
	(236, 3, 53, 3),
	(237, 3, 54, 3),
	(238, 3, 55, 3),
	(239, 3, 56, 3),
	(240, 3, 57, 3),
	(241, 3, 58, 3),
	(242, 3, 59, 3),
	(243, 3, 60, 3),
	(244, 4, 61, 3),
	(245, 4, 62, 3),
	(246, 4, 63, 3),
	(247, 4, 64, 3),
	(248, 4, 65, 3),
	(249, 4, 66, 3),
	(250, 4, 67, 3),
	(251, 4, 68, 3),
	(252, 4, 69, 3),
	(253, 4, 70, 3),
	(254, 4, 71, 3),
	(255, 4, 72, 3),
	(256, 4, 73, 3),
	(257, 4, 74, 3),
	(258, 4, 75, 3),
	(259, 4, 76, 3),
	(260, 4, 77, 3),
	(261, 4, 78, 3),
	(262, 4, 79, 3),
	(263, 4, 80, 3),
	(264, 4, 81, 3),
	(265, 4, 82, 3),
	(266, 4, 83, 3),
	(267, 4, 84, 3),
	(268, 5, 85, 3),
	(269, 5, 86, 3),
	(270, 5, 87, 3),
	(271, 5, 88, 3),
	(272, 5, 89, 3),
	(273, 5, 90, 3),
	(274, 5, 91, 3),
	(275, 5, 92, 3),
	(276, 5, 93, 3),
	(277, 5, 94, 3),
	(278, 5, 95, 3),
	(279, 5, 96, 3),
	(280, 5, 97, 3),
	(281, 5, 98, 3),
	(282, 5, 99, 3),
	(283, 5, 100, 3),
	(284, 5, 101, 3),
	(285, 5, 102, 3),
	(286, 5, 103, 3),
	(287, 5, 104, 3),
	(288, 5, 105, 3),
	(289, 5, 106, 3),
	(290, 5, 107, 3),
	(291, 5, 108, 3),
	(292, 6, 109, 3),
	(293, 6, 110, 3),
	(294, 6, 111, 3),
	(295, 6, 112, 3),
	(296, 6, 113, 3),
	(297, 6, 114, 3),
	(298, 6, 115, 3),
	(299, 6, 116, 3),
	(300, 6, 117, 3),
	(301, 6, 118, 3),
	(302, 6, 119, 3),
	(303, 6, 120, 3),
	(304, 6, 121, 3),
	(305, 6, 122, 3),
	(306, 6, 123, 3),
	(307, 6, 124, 3),
	(308, 1, 1, 4),
	(309, 1, 2, 4),
	(310, 1, 3, 4),
	(311, 1, 4, 4),
	(312, 1, 5, 4),
	(313, 1, 6, 4),
	(314, 1, 7, 4),
	(315, 1, 8, 4),
	(316, 1, 9, 4),
	(317, 1, 10, 4),
	(318, 1, 11, 4),
	(319, 1, 12, 4),
	(320, 1, 13, 4),
	(321, 1, 14, 4),
	(322, 1, 15, 4),
	(323, 2, 16, 4),
	(324, 2, 17, 4),
	(325, 2, 18, 4),
	(326, 2, 19, 4),
	(327, 2, 20, 4),
	(328, 2, 21, 4),
	(329, 2, 22, 4),
	(330, 2, 23, 4),
	(331, 2, 24, 4),
	(332, 2, 25, 4),
	(333, 2, 26, 4),
	(334, 2, 27, 4),
	(335, 2, 28, 4),
	(336, 2, 29, 4),
	(337, 2, 30, 4),
	(338, 3, 31, 4),
	(339, 3, 32, 4),
	(340, 3, 33, 4),
	(341, 3, 34, 4),
	(342, 3, 35, 4),
	(343, 3, 36, 4),
	(344, 3, 37, 4),
	(345, 3, 38, 4),
	(346, 3, 39, 4),
	(347, 3, 40, 4),
	(348, 4, 41, 4),
	(349, 4, 42, 4),
	(350, 4, 43, 4),
	(351, 4, 44, 4),
	(352, 4, 45, 4),
	(353, 4, 46, 4),
	(354, 4, 47, 4),
	(355, 4, 48, 4),
	(356, 4, 49, 4),
	(357, 4, 50, 4),
	(358, 5, 51, 4),
	(359, 5, 52, 4),
	(360, 5, 53, 4),
	(361, 5, 54, 4),
	(362, 5, 55, 4),
	(363, 5, 56, 4),
	(364, 5, 57, 4),
	(365, 5, 58, 4),
	(366, 5, 59, 4),
	(367, 5, 60, 4),
	(368, 1, 1, 5),
	(369, 1, 2, 5),
	(370, 1, 3, 5),
	(371, 1, 4, 5),
	(372, 1, 5, 5),
	(373, 1, 6, 5),
	(374, 1, 7, 5),
	(375, 1, 8, 5),
	(376, 1, 9, 5),
	(377, 1, 10, 5),
	(378, 1, 11, 5),
	(379, 1, 12, 5),
	(380, 1, 13, 5),
	(381, 1, 14, 5),
	(382, 1, 15, 5),
	(383, 2, 16, 5),
	(384, 2, 17, 5),
	(385, 2, 18, 5),
	(386, 2, 19, 5),
	(387, 2, 20, 5),
	(388, 2, 21, 5),
	(389, 2, 22, 5),
	(390, 2, 23, 5),
	(391, 2, 24, 5),
	(392, 2, 25, 5),
	(393, 2, 26, 5),
	(394, 2, 27, 5),
	(395, 2, 28, 5),
	(396, 2, 29, 5),
	(397, 2, 30, 5),
	(398, 3, 31, 5),
	(399, 3, 32, 5),
	(400, 3, 33, 5),
	(401, 3, 34, 5),
	(402, 3, 35, 5),
	(403, 3, 36, 5),
	(404, 3, 37, 5),
	(405, 3, 38, 5),
	(406, 3, 39, 5),
	(407, 3, 40, 5),
	(408, 3, 41, 5),
	(409, 3, 42, 5),
	(410, 3, 43, 5),
	(411, 3, 44, 5),
	(412, 3, 45, 5),
	(413, 3, 46, 5),
	(414, 3, 47, 5),
	(415, 3, 48, 5),
	(416, 3, 49, 5),
	(417, 3, 50, 5),
	(418, 4, 51, 5),
	(419, 4, 52, 5),
	(420, 4, 53, 5),
	(421, 4, 54, 5),
	(422, 4, 55, 5),
	(423, 4, 56, 5),
	(424, 4, 57, 5),
	(425, 4, 58, 5),
	(426, 4, 59, 5),
	(427, 4, 60, 5),
	(428, 4, 61, 5),
	(429, 4, 62, 5),
	(430, 4, 63, 5),
	(431, 4, 64, 5),
	(432, 4, 65, 5),
	(433, 4, 66, 5),
	(434, 4, 67, 5),
	(435, 4, 68, 5),
	(436, 4, 69, 5),
	(437, 4, 70, 5),
	(438, 5, 71, 5),
	(439, 5, 72, 5),
	(440, 5, 73, 5),
	(441, 5, 74, 5),
	(442, 5, 75, 5),
	(443, 5, 76, 5),
	(444, 5, 77, 5),
	(445, 5, 78, 5),
	(446, 5, 79, 5),
	(447, 5, 80, 5),
	(448, 5, 81, 5),
	(449, 5, 82, 5),
	(450, 5, 83, 5),
	(451, 5, 84, 5),
	(452, 5, 85, 5),
	(453, 5, 86, 5),
	(454, 5, 87, 5),
	(455, 5, 88, 5),
	(456, 5, 89, 5),
	(457, 5, 90, 5),
	(458, 1, 1, 6),
	(459, 1, 2, 6),
	(460, 1, 3, 6),
	(461, 1, 4, 6),
	(462, 1, 5, 6),
	(463, 1, 6, 6),
	(464, 1, 7, 6),
	(465, 1, 8, 6),
	(466, 1, 9, 6),
	(467, 1, 10, 6),
	(468, 1, 11, 6),
	(469, 1, 12, 6),
	(470, 1, 13, 6),
	(471, 1, 14, 6),
	(472, 1, 15, 6),
	(473, 1, 16, 6),
	(474, 1, 17, 6),
	(475, 1, 18, 6),
	(476, 2, 19, 6),
	(477, 2, 20, 6),
	(478, 2, 21, 6),
	(479, 2, 22, 6),
	(480, 2, 23, 6),
	(481, 2, 24, 6),
	(482, 2, 25, 6),
	(483, 2, 26, 6),
	(484, 2, 27, 6),
	(485, 2, 28, 6),
	(486, 2, 29, 6),
	(487, 2, 30, 6),
	(488, 2, 31, 6),
	(489, 2, 32, 6),
	(490, 2, 33, 6),
	(491, 2, 34, 6),
	(492, 2, 35, 6),
	(493, 2, 36, 6),
	(494, 3, 37, 6),
	(495, 3, 38, 6),
	(496, 3, 39, 6),
	(497, 3, 40, 6),
	(498, 3, 41, 6),
	(499, 3, 42, 6),
	(500, 3, 43, 6),
	(501, 3, 44, 6),
	(502, 3, 45, 6),
	(503, 3, 46, 6),
	(504, 3, 47, 6),
	(505, 3, 48, 6),
	(506, 3, 49, 6),
	(507, 3, 50, 6),
	(508, 3, 51, 6),
	(509, 3, 52, 6),
	(510, 3, 53, 6),
	(511, 3, 54, 6),
	(512, 3, 55, 6),
	(513, 3, 56, 6),
	(514, 3, 57, 6),
	(515, 3, 58, 6),
	(516, 3, 59, 6),
	(517, 3, 60, 6),
	(518, 4, 61, 6),
	(519, 4, 62, 6),
	(520, 4, 63, 6),
	(521, 4, 64, 6),
	(522, 4, 65, 6),
	(523, 4, 66, 6),
	(524, 4, 67, 6),
	(525, 4, 68, 6),
	(526, 4, 69, 6),
	(527, 4, 70, 6),
	(528, 4, 71, 6),
	(529, 4, 72, 6),
	(530, 4, 73, 6),
	(531, 4, 74, 6),
	(532, 4, 75, 6),
	(533, 4, 76, 6),
	(534, 4, 77, 6),
	(535, 4, 78, 6),
	(536, 4, 79, 6),
	(537, 4, 80, 6),
	(538, 4, 81, 6),
	(539, 4, 82, 6),
	(540, 4, 83, 6),
	(541, 4, 84, 6),
	(542, 5, 85, 6),
	(543, 5, 86, 6),
	(544, 5, 87, 6),
	(545, 5, 88, 6),
	(546, 5, 89, 6),
	(547, 5, 90, 6),
	(548, 5, 91, 6),
	(549, 5, 92, 6),
	(550, 5, 93, 6),
	(551, 5, 94, 6),
	(552, 5, 95, 6),
	(553, 5, 96, 6),
	(554, 5, 97, 6),
	(555, 5, 98, 6),
	(556, 5, 99, 6),
	(557, 5, 100, 6);

-- Dumping structure for table cinema_vbis.seat_reserved
DROP TABLE IF EXISTS `seat_reserved`;
CREATE TABLE IF NOT EXISTS `seat_reserved` (
  `seat_reserved_id` int(10) unsigned NOT NULL AUTO_INCREMENT,
  `seat_id` int(10) unsigned NOT NULL,
  `reservation_id` int(10) unsigned NOT NULL,
  `screening_id` int(10) unsigned NOT NULL,
  PRIMARY KEY (`seat_reserved_id`),
  KEY `fk_seat_reserved_seat_id` (`seat_id`),
  KEY `fk_seat_reserved_reservation_id` (`reservation_id`),
  KEY `fk_seat_reserved_screening_id` (`screening_id`),
  CONSTRAINT `fk_seat_reserved_reservation_id` FOREIGN KEY (`reservation_id`) REFERENCES `reservation` (`reservation_id`) ON UPDATE CASCADE,
  CONSTRAINT `fk_seat_reserved_screening_id` FOREIGN KEY (`screening_id`) REFERENCES `screening` (`screening_id`) ON UPDATE CASCADE,
  CONSTRAINT `fk_seat_reserved_seat_id` FOREIGN KEY (`seat_id`) REFERENCES `seat` (`seat_id`) ON UPDATE CASCADE
) ENGINE=InnoDB AUTO_INCREMENT=16 DEFAULT CHARSET=utf8mb4;

-- Dumping data for table cinema_vbis.seat_reserved: ~13 rows (approximately)
INSERT INTO `seat_reserved` (`seat_reserved_id`, `seat_id`, `reservation_id`, `screening_id`) VALUES
	(1, 8, 6, 1),
	(2, 9, 6, 1),
	(3, 10, 6, 1),
	(4, 62, 7, 7),
	(5, 63, 7, 7),
	(6, 374, 11, 22),
	(7, 375, 11, 22),
	(8, 376, 11, 22),
	(9, 331, 13, 23),
	(10, 332, 13, 23),
	(11, 388, 15, 24),
	(12, 389, 15, 24),
	(13, 390, 15, 24),
	(14, 391, 15, 24),
	(15, 392, 15, 24);

-- Dumping structure for table cinema_vbis.user
DROP TABLE IF EXISTS `user`;
CREATE TABLE IF NOT EXISTS `user` (
  `user_id` int(11) NOT NULL AUTO_INCREMENT,
  `email` varchar(55) NOT NULL,
  `password` varchar(200) NOT NULL,
  `name` varchar(55) NOT NULL,
  `last_name` varchar(55) NOT NULL,
  `gender` enum('m','f') NOT NULL,
  `date_of_birth` date NOT NULL,
  `created_at` date NOT NULL DEFAULT current_timestamp(),
  PRIMARY KEY (`user_id`)
) ENGINE=InnoDB AUTO_INCREMENT=16 DEFAULT CHARSET=utf8mb4;

-- Dumping data for table cinema_vbis.user: ~11 rows (approximately)
INSERT INTO `user` (`user_id`, `email`, `password`, `name`, `last_name`, `gender`, `date_of_birth`, `created_at`) VALUES
	(1, 'test@test.com', '$2y$10$UM8.82aMI3qRjPduxC1AMueCNOL8VIKMAU5PtjL5DpUCvXFBAR6Q6', 'test', 'test', 'm', '1996-02-05', '2023-01-15'),
	(4, 'test@test2.com', '$2y$10$K1eIqMeNvs5P2yc//OspjeuHtqG9q2ZLk04rT7bKNMr/1sK6rPC9i', 'test2', 'test2', 'm', '1999-10-18', '2023-01-11'),
	(6, 'test@test3.com', '$2y$10$R7uDe/HcreAKEIgCNf1J.ecXFIA0kq6ciPXAX0D9wV.EUoXwyOKQa', 'test3', 'test3', 'm', '2004-12-12', '2023-01-11'),
	(7, 'test@test4.com', '$2y$10$SdHEfYcoVWdJ1D4ARQ5hjuhJRC0ZcLra4S5I3DZb2AfKS6IrtgceC', 'test4', 'test4', 'm', '1988-01-16', '2023-02-15'),
	(8, 'test@test5.com', '$2y$10$sj/qAn1/W3dvRFT4FsP2H.752OhCqBZ3.99A7egQhFbWLEz.MwsqW', 'test5', 'test5', 'm', '2000-07-08', '2023-02-19'),
	(9, 'test@test6.com', '$2y$10$F2q6xAJgaalHc5K.cJKNf.YagfWlAViElQ78mMv4e5rAFbTjtRzg2', 'test6', 'test6', 'm', '1976-06-19', '2023-02-14'),
	(10, 'test@test7.com', '$2y$10$5L6aeCFU2GpdKBqQqwkWDeI/AD8vaXUR7YLcshWlDWpIGFDywCXo2', 'test7', 'test7', 'f', '1990-12-01', '2023-01-24'),
	(11, 'test@test8.com', '$2y$10$at5/uFF.QdvN/oO3zAGaFOhMl74SvDIR4.NpBskLtBEeFK.O7e6/u', 'test8', 'test8', 'f', '2001-01-30', '2023-01-25'),
	(12, 'test@test9.com', '$2y$10$pEWz73dtRFjpFv4jkrqm7OIkPDdQweH13bPxwIHsTgNNesVqD/TEW', 'test9', 'test9', 'm', '2002-08-12', '2023-01-26'),
	(13, 'test@test10.com', '$2y$10$vF61O6DdbuM7nTDAiBRR5eQJMFeqRabfgQY7CXQqRwPjPLyIT4Uoe', 'test10', 'test10', 'f', '2003-12-12', '2023-01-10'),
	(14, 'test@test11.com', '$2y$10$.IzCepJ5G3q2HVdM4HT8qOSaMgGPiGT/RptPmeMns5clTA7WoeaI.', 'test11', 'test11', 'm', '2993-03-18', '2023-02-03'),
	(15, 'petar@petrovic.com', '$2y$10$x.XAk/xwF0TPBkKGTSUC6.rjqTKq.sCGzYHMVib8BgNf4PpXEpcVe', 'Petar', 'Petrovic', 'm', '2001-08-07', '2023-02-05');

-- Dumping structure for table cinema_vbis.user_role
DROP TABLE IF EXISTS `user_role`;
CREATE TABLE IF NOT EXISTS `user_role` (
  `user_role_id` int(11) NOT NULL AUTO_INCREMENT,
  `user_id` int(11) NOT NULL,
  `role_id` int(11) NOT NULL,
  PRIMARY KEY (`user_role_id`),
  KEY `fk_user_role_user_id` (`user_id`),
  KEY `fk_user_role_role_id` (`role_id`),
  CONSTRAINT `fk_user_role_role_id` FOREIGN KEY (`role_id`) REFERENCES `role` (`role_id`) ON UPDATE CASCADE,
  CONSTRAINT `fk_user_role_user_id` FOREIGN KEY (`user_id`) REFERENCES `user` (`user_id`) ON UPDATE CASCADE
) ENGINE=InnoDB AUTO_INCREMENT=21 DEFAULT CHARSET=utf8mb4;

-- Dumping data for table cinema_vbis.user_role: ~16 rows (approximately)
INSERT INTO `user_role` (`user_role_id`, `user_id`, `role_id`) VALUES
	(1, 1, 3),
	(2, 1, 2),
	(3, 1, 1),
	(4, 4, 1),
	(5, 6, 1),
	(6, 7, 1),
	(7, 8, 1),
	(8, 9, 1),
	(9, 10, 1),
	(10, 11, 1),
	(11, 12, 1),
	(12, 13, 1),
	(13, 14, 1),
	(14, 15, 1),
	(15, 1, 4),
	(18, 1, 5),
	(19, 4, 3);

/*!40103 SET TIME_ZONE=IFNULL(@OLD_TIME_ZONE, 'system') */;
/*!40101 SET SQL_MODE=IFNULL(@OLD_SQL_MODE, '') */;
/*!40014 SET FOREIGN_KEY_CHECKS=IFNULL(@OLD_FOREIGN_KEY_CHECKS, 1) */;
/*!40101 SET CHARACTER_SET_CLIENT=@OLD_CHARACTER_SET_CLIENT */;
/*!40111 SET SQL_NOTES=IFNULL(@OLD_SQL_NOTES, 1) */;
